date,artist,track,genre,duration_seconds,play_count,source
2025-01-01,Disclosure,Magnets,Electronic,411,273,playlist
2025-01-01,Yuja Wang,Rondo Capriccioso,Classical,609,98,playlist
2025-01-01,Robert Glasper,So Beautiful,Jazz,535,94,search
2025-01-01,Clairo,Pretty Girl,Indie,280,127,search
2025-01-02,Hilary Hahn,Sonata No 3,Classical,408,32,album
2025-01-02,Frank Ocean,Thinkin Bout You,R&B,271,569,album
2025-01-02,Bonobo,Kerala,Electronic,367,294,search
2025-01-03,ODESZA,A Moment Apart,Electronic,361,171,search
2025-01-04,Robert Glasper,F.T.B.,Jazz,319,128,playlist
2025-01-04,Disclosure,Magnets,Electronic,461,382,radio
2025-01-04,Kendrick Lamar,Money Trees,Hip-Hop,212,164,radio
2025-01-04,Tyler the Creator,See You Again,Hip-Hop,223,1298,playlist
2025-01-05,The Weeknd,Blinding Lights,Pop,232,886,search
2025-01-05,Tyler the Creator,See You Again,Hip-Hop,286,1300,search
2025-01-05,Taylor Swift,Shake It Off,Pop,227,1265,radio
2025-01-05,Arctic Monkeys,505,Rock,207,417,playlist
2025-01-07,Hilary Hahn,Partita No 2,Classical,882,59,search
2025-01-07,Jorja Smith,Be Honest,R&B,208,635,search
2025-01-07,Led Zeppelin,Kashmir,Rock,243,474,radio
2025-01-07,Arctic Monkeys,R U Mine,Rock,267,478,album
2025-01-08,boy pablo,Everytime,Indie,340,59,radio
2025-01-08,J. Cole,Middle Child,Hip-Hop,287,788,liked
2025-01-09,Led Zeppelin,Kashmir,Rock,349,434,search
2025-01-09,The Weeknd,Save Your Tears,Pop,227,1059,playlist
2025-01-11,Hilary Hahn,Sonata No 3,Classical,479,15,search
2025-01-11,Kendrick Lamar,DNA,Hip-Hop,291,1497,album
2025-01-12,HER,Damage,R&B,219,623,playlist
2025-01-13,Mac DeMarco,Freaking Out the Neighborhood,Indie,191,310,playlist
2025-01-13,J. Cole,No Role Modelz,Hip-Hop,205,329,radio
2025-01-13,Daft Punk,Instant Crush,Electronic,295,396,liked
2025-01-14,Drake,Gods Plan,Hip-Hop,231,601,album
2025-01-14,Foo Fighters,Everlong,Rock,246,316,search
2025-01-14,Bonobo,Bambro Koyo Ganda,Electronic,428,274,playlist
2025-01-15,Arctic Monkeys,Do I Wanna Know,Rock,247,377,playlist
2025-01-15,Harry Styles,Watermelon Sugar,Pop,222,12575,radio
2025-01-15,Radiohead,Karma Police,Rock,326,413,search
2025-01-17,Frank Ocean,Thinkin Bout You,R&B,304,343,playlist
2025-01-17,Olivia Rodrigo,drivers license,Pop,232,402,album
2025-01-17,Jamie xx,Loud Places,Electronic,252,229,playlist
2025-01-17,Daft Punk,Around the World,Electronic,359,129,search
2025-01-18,Taylor Swift,Shake It Off,Pop,210,1563,search
2025-01-18,Max Richter,Dream 3,Classical,894,100,search
2025-01-19,Disclosure,Magnets,Electronic,431,207,playlist
2025-01-19,Robert Glasper,So Beautiful,Jazz,264,111,album
2025-01-19,Yuja Wang,Piano Concerto No 2,Classical,596,33,album
2025-01-19,Harry Styles,As It Was,Pop,252,259,playlist
2025-01-20,Olivia Rodrigo,drivers license,Pop,238,1466,search
2025-01-20,Frank Ocean,Pink + White,R&B,303,618,album
2025-01-21,Clairo,Bags,Indie,308,196,radio
2025-01-21,HER,Damage,R&B,209,420,playlist
2025-01-21,Max Richter,On the Nature of Daylight,Classical,790,64,album
2025-01-22,Taylor Swift,Cruel Summer,Pop,235,630,playlist
2025-01-22,Olivia Rodrigo,vampire,Pop,232,958,playlist
2025-01-22,Drake,One Dance,Hip-Hop,281,535,search
2025-01-22,Harry Styles,Adore You,Pop,219,1015,search
2025-01-22,SZA,Kill Bill,Hip-Hop,226,1434,playlist
2025-01-22,Phoebe Bridgers,I Know the End,Indie,190,325,search
2025-01-22,Tyler the Creator,NEW MAGIC WAND,Hip-Hop,297,1221,playlist
2025-01-23,Alfa Mist,Mulago,Jazz,390,116,album
2025-01-23,The Beatles,Let It Be,Rock,243,18380,radio
2025-01-24,Olivia Rodrigo,vampire,Pop,208,1940,search
2025-01-24,Led Zeppelin,Whole Lotta Love,Rock,271,411,album
2025-01-25,Arctic Monkeys,R U Mine,Rock,221,165,radio
2025-01-26,Clairo,Pretty Girl,Indie,270,167,playlist
2025-01-26,Daniel Caesar,Best Part,R&B,233,678,search
2025-01-26,The Weeknd,Blinding Lights,Pop,178,1955,radio
2025-01-26,Drake,One Dance,Hip-Hop,220,925,playlist
2025-01-27,Foo Fighters,The Pretender,Rock,343,1296,liked
2025-01-27,Olivia Rodrigo,drivers license,Pop,212,1883,playlist
2025-01-27,The Weeknd,Blinding Lights,Pop,206,1580,radio
2025-01-27,Bonobo,No Reason,Electronic,372,112,album
2025-01-27,Harry Styles,Adore You,Pop,204,1632,radio
2025-01-27,Jorja Smith,Be Honest,R&B,320,408,search
2025-01-28,Harry Styles,Adore You,Pop,206,1749,radio
2025-01-28,Led Zeppelin,Stairway to Heaven,Rock,337,254,liked
2025-01-28,The Weeknd,Blinding Lights,Pop,186,1979,playlist
2025-01-28,boy pablo,Everytime,Indie,300,290,search
2025-01-28,Olivia Rodrigo,vampire,Pop,187,929,search
2025-01-29,Harry Styles,Watermelon Sugar,Pop,202,498,search
2025-01-29,Arctic Monkeys,Do I Wanna Know,Rock,327,497,playlist
2025-01-29,HER,Damage,R&B,317,794,playlist
2025-01-29,J. Cole,No Role Modelz,Hip-Hop,279,377,radio
2025-01-29,J. Cole,PRIDE is the Devil,Hip-Hop,268,381,search
2025-01-30,Drake,Hotline Bling,Hip-Hop,282,792,search
2025-01-31,Taylor Swift,Cruel Summer,Pop,250,743,search
2025-01-31,Daft Punk,Get Lucky,Electronic,409,380,playlist
2025-02-01,J. Cole,PRIDE is the Devil,Hip-Hop,204,322,playlist
2025-02-01,Harry Styles,As It Was,Pop,183,728,playlist
2025-02-02,J. Cole,PRIDE is the Devil,Hip-Hop,288,1365,playlist
2025-02-02,Harry Styles,As It Was,Pop,217,1642,radio
2025-02-03,The Weeknd,Save Your Tears,Pop,242,991,album
2025-02-03,Olivia Rodrigo,drivers license,Pop,256,388,album
2025-02-03,Taylor Swift,Anti-Hero,Pop,227,1802,playlist
2025-02-04,Radiohead,Karma Police,Rock,250,362,search
2025-02-04,The Weeknd,Save Your Tears,Pop,164,863,radio
2025-02-04,J. Cole,PRIDE is the Devil,Hip-Hop,226,1134,radio
2025-02-04,Radiohead,Creep,Rock,229,350,liked
2025-02-05,Hilary Hahn,Violin Concerto in D,Classical,849,92,playlist
2025-02-05,The Rolling Stones,Paint It Black,Rock,276,462,search
2025-02-05,Steve Lacy,Mercury,R&B,257,611,playlist
2025-02-05,boy pablo,Feeling Lonely,Indie,269,336,playlist
2025-02-05,Harry Styles,As It Was,Pop,207,1504,playlist
2025-02-05,Tyler the Creator,NEW MAGIC WAND,Hip-Hop,285,954,playlist
2025-02-05,Kendrick Lamar,DNA,Hip-Hop,297,1137,album
2025-02-05,Clairo,Bags,Indie,352,238,search
2025-02-06,Led Zeppelin,Whole Lotta Love,Rock,393,331,playlist
2025-02-06,Disclosure,Magnets,Electronic,274,309,playlist
2025-02-07,The Weeknd,Save Your Tears,Pop,211,1575,playlist
2025-02-07,Frank Ocean,Pink + White,R&B,206,120,playlist
2025-02-07,Arctic Monkeys,R U Mine,Rock,218,89,radio
2025-02-08,Drake,Hotline Bling,Hip-Hop,298,253,album
2025-02-08,Bonobo,Bambro Koyo Ganda,Electronic,439,225,playlist
2025-02-08,Jorja Smith,Blue Lights,R&B,256,394,liked
2025-02-09,Drake,Gods Plan,Hip-Hop,231,965,playlist
2025-02-09,Tyler the Creator,EARFQUAKE,Hip-Hop,299,1376,playlist
2025-02-10,Taylor Swift,Shake It Off,Pop,252,1369,search
2025-02-10,ODESZA,Line of Sight,Electronic,378,63,liked
2025-02-10,Kendrick Lamar,HUMBLE,Hip-Hop,270,188,playlist
2025-02-11,Drake,Hotline Bling,Hip-Hop,177,866,radio
2025-02-11,Dua Lipa,Levitating,Pop,231,458,search
2025-02-11,Tyler the Creator,See You Again,Hip-Hop,275,1449,playlist
2025-02-12,Kamasi Washington,Street Fighter Mas,Jazz,404,66,playlist
2025-02-12,The Weeknd,Starboy,Pop,240,727,radio
2025-02-12,Harry Styles,As It Was,Pop,235,1033,radio
2025-02-12,Led Zeppelin,Whole Lotta Love,Rock,392,445,radio
2025-02-13,Jamie xx,Loud Places,Electronic,255,361,album
2025-02-14,Yuja Wang,Rondo Capriccioso,Classical,823,72,album
2025-02-15,Taylor Swift,Shake It Off,Pop,224,1497,playlist
2025-02-15,Bonobo,Bambro Koyo Ganda,Electronic,270,2015,liked
2025-02-16,Kamasi Washington,Fists of Fury,Jazz,456,60,search
2025-02-16,Phoebe Bridgers,Kyoto,Indie,286,228,playlist
2025-02-16,Harry Styles,Adore You,Pop,177,1627,album
2025-02-16,Dua Lipa,Levitating,Pop,214,429,album
2025-02-17,Phoebe Bridgers,Motion Sickness,Indie,234,258,album
2025-02-17,Taylor Swift,Cruel Summer,Pop,169,440,search
2025-02-17,J. Cole,PRIDE is the Devil,Hip-Hop,284,905,playlist
2025-02-17,The Beatles,Ticket to Ride,Rock,191,23351,radio
2025-02-18,Tyler the Creator,See You Again,Hip-Hop,258,858,playlist
2025-02-18,Jamie xx,Sleep Sound,Electronic,400,172,radio
2025-02-19,J. Cole,PRIDE is the Devil,Hip-Hop,206,1294,album
2025-02-19,Tyler the Creator,NEW MAGIC WAND,Hip-Hop,187,280,playlist
2025-02-20,Kamasi Washington,Street Fighter Mas,Jazz,254,62,playlist
2025-02-20,Lang Lang,Ballade No 1,Classical,753,48,radio
2025-02-20,Jorja Smith,Be Honest,R&B,189,235,search
2025-02-20,SZA,Good Days,Hip-Hop,224,599,playlist
2025-02-20,Olivia Rodrigo,drivers license,Pop,159,969,search
2025-02-21,Dua Lipa,Dont Start Now,Pop,267,1292,radio
2025-02-21,Dua Lipa,Dont Start Now,Pop,268,1627,radio
2025-02-21,Robert Glasper,F.T.B.,Jazz,340,130,playlist
2025-02-22,Daniel Caesar,Best Part,R&B,236,112,playlist
2025-02-22,Dua Lipa,New Rules,Pop,179,1097,playlist
2025-02-23,Phoebe Bridgers,Kyoto,Indie,321,109,playlist
2025-02-23,Tyler the Creator,EARFQUAKE,Hip-Hop,187,1494,search
2025-02-23,Olivia Rodrigo,vampire,Pop,245,1872,radio
2025-02-23,The Weeknd,Save Your Tears,Pop,168,1585,search
2025-02-24,Daniel Caesar,Best Part,R&B,243,630,album
2025-02-24,The Weeknd,Starboy,Pop,261,1273,playlist
2025-02-25,Radiohead,No Surprises,Rock,412,110,playlist
2025-02-26,The Weeknd,Starboy,Pop,155,1279,playlist
2025-02-26,HER,Best Part,R&B,281,482,search
2025-02-26,Frank Ocean,Nights,R&B,280,542,radio
2025-02-27,Kamasi Washington,Fists of Fury,Jazz,445,49,radio
2025-02-28,J. Cole,No Role Modelz,Hip-Hop,252,1415,playlist
2025-02-28,Led Zeppelin,Kashmir,Rock,323,345,playlist
2025-03-01,Yuja Wang,Islamey,Classical,855,10,search
2025-03-01,The Beatles,Blackbird,Rock,138,42434,playlist
2025-03-02,SZA,Kiss Me More,Hip-Hop,217,1370,radio
2025-03-02,Daniel Caesar,Best Part,R&B,289,702,playlist
2025-03-02,Frank Ocean,Pink + White,R&B,196,539,playlist
2025-03-02,Dua Lipa,Dont Start Now,Pop,215,4873,playlist
2025-03-02,Dua Lipa,New Rules,Pop,176,664,playlist
2025-03-02,Harry Styles,Watermelon Sugar,Pop,154,1106,playlist
2025-03-03,Olivia Rodrigo,good 4 u,Pop,170,1339,search
2025-03-03,Daniel Caesar,Peaches,R&B,182,768,radio
2025-03-03,Olivia Rodrigo,drivers license,Pop,171,1626,search
2025-03-04,SZA,Kiss Me More,Hip-Hop,241,1237,liked
2025-03-04,Clairo,Sofia,Indie,332,158,liked
2025-03-04,Foo Fighters,Learn to Fly,Rock,196,486,playlist
2025-03-04,Dua Lipa,Levitating,Pop,199,398,album
2025-03-04,Foo Fighters,Everlong,Rock,290,166,album
2025-03-04,HER,Focus,R&B,240,698,album
2025-03-05,Bonobo,No Reason,Electronic,323,218,search
2025-03-05,Foo Fighters,Learn to Fly,Rock,361,265,search
2025-03-06,Kendrick Lamar,Money Trees,Hip-Hop,225,596,radio
2025-03-06,Led Zeppelin,Stairway to Heaven,Rock,400,97,album
2025-03-07,Jamie xx,Gosh,Electronic,395,195,search
2025-03-08,Kendrick Lamar,HUMBLE,Hip-Hop,202,1211,playlist
2025-03-08,Steve Lacy,Dark Red,R&B,214,562,playlist
2025-03-09,Alfa Mist,People,Jazz,482,141,album
2025-03-09,Harry Styles,As It Was,Pop,200,1759,search
2025-03-09,Dua Lipa,New Rules,Pop,175,1308,album
2025-03-10,SZA,Kiss Me More,Hip-Hop,300,1390,album
2025-03-10,Harry Styles,As It Was,Pop,268,876,search
2025-03-10,Disclosure,Latch,Electronic,396,331,radio
2025-03-10,Daft Punk,Instant Crush,Electronic,306,135,album
2025-03-10,The Rolling Stones,Paint It Black,Rock,225,335,search
2025-03-11,Foo Fighters,Everlong,Rock,382,230,playlist
2025-03-11,Steve Lacy,Bad Habit,R&B,261,555,radio
2025-03-11,GoGo Penguin,Raven,Jazz,433,117,search
2025-03-11,Jorja Smith,Blue Lights,R&B,295,259,search
2025-03-12,ODESZA,Line of Sight,Electronic,468,293,search
2025-03-12,SZA,Kill Bill,Hip-Hop,204,1146,search
2025-03-12,Clairo,Sofia,Indie,360,239,radio
2025-03-13,GoGo Penguin,Raven,Jazz,249,21,playlist
2025-03-13,Daniel Caesar,Best Part,R&B,251,683,search
2025-03-13,Phoebe Bridgers,Kyoto,Indie,184,89,album
2025-03-13,Jorja Smith,Be Honest,R&B,257,450,playlist
2025-03-14,Daft Punk,Get Lucky,Electronic,373,178,search
2025-03-16,The Weeknd,Save Your Tears,Pop,260,1728,playlist
2025-03-16,Drake,Gods Plan,Hip-Hop,216,330,search
2025-03-16,Tyler the Creator,EARFQUAKE,Hip-Hop,181,915,playlist
2025-03-16,Nubya Garcia,Together Is a Beautiful Place to Be,Jazz,566,125,album
2025-03-16,SZA,Kill Bill,Hip-Hop,274,741,search
2025-03-17,Drake,Hotline Bling,Hip-Hop,185,366,radio
2025-03-17,The Beatles,Something,Rock,182,18103,radio
2025-03-18,Phoebe Bridgers,Motion Sickness,Indie,258,80,search
2025-03-18,Drake,One Dance,Hip-Hop,233,1016,playlist
2025-03-18,Kendrick Lamar,HUMBLE,Hip-Hop,292,1013,search
2025-03-19,Radiohead,Karma Police,Rock,343,271,radio
2025-03-19,Bonobo,Kerala,Electronic,300,193,search
2025-03-20,Kamasi Washington,Fists of Fury,Jazz,528,146,radio
2025-03-20,The Weeknd,Blinding Lights,Pop,202,1676,search
2025-03-20,Olivia Rodrigo,vampire,Pop,249,1989,playlist
2025-03-21,Arctic Monkeys,R U Mine,Rock,346,399,playlist
2025-03-21,Radiohead,No Surprises,Rock,255,249,search
2025-03-22,Steve Lacy,Mercury,R&B,240,218,radio
2025-03-23,The Weeknd,Save Your Tears,Pop,244,1986,radio
2025-03-24,Alfa Mist,People,Jazz,297,129,playlist
2025-03-25,Tyler the Creator,See You Again,Hip-Hop,194,1094,search
2025-03-25,Led Zeppelin,Whole Lotta Love,Rock,383,193,album
2025-03-26,SZA,Kill Bill,Hip-Hop,208,670,playlist
2025-03-27,Daft Punk,Get Lucky,Electronic,246,219,album
2025-03-27,Harry Styles,As It Was,Pop,164,1375,playlist
2025-03-27,The Rolling Stones,Gimme Shelter,Rock,313,228,search
2025-03-27,The Rolling Stones,Paint It Black,Rock,331,133,search
2025-03-28,Harry Styles,Watermelon Sugar,Pop,259,1372,search
2025-03-28,Tyler the Creator,See You Again,Hip-Hop,271,330,radio
2025-03-28,The Rolling Stones,Gimme Shelter,Rock,316,407,radio
2025-03-29,Phoebe Bridgers,I Know the End,Indie,203,88,playlist
2025-03-29,Led Zeppelin,Whole Lotta Love,Rock,299,396,radio
2025-03-29,Robert Glasper,So Beautiful,Jazz,566,60,liked
2025-03-29,Drake,Hotline Bling,Hip-Hop,293,327,search
2025-03-29,boy pablo,Everytime,Indie,309,100,album
2025-03-31,Foo Fighters,The Pretender,Rock,243,364,playlist
2025-04-01,Tame Impala,The Less I Know the Better,Indie,285,220,album
2025-04-01,Alfa Mist,Run Outs,Jazz,402,28,album
2025-04-01,Disclosure,Magnets,Electronic,408,125,radio
2025-04-01,SZA,Kiss Me More,Hip-Hop,259,541,album
2025-04-01,Taylor Swift,Anti-Hero,Pop,176,1520,search
2025-04-02,The Rolling Stones,Sympathy for the Devil,Rock,338,156,search
2025-04-02,Tame Impala,Feels Like We Only Go Backwards,Indie,243,264,search
2025-04-02,The Weeknd,Blinding Lights,Pop,209,1021,album
2025-04-02,Harry Styles,Adore You,Pop,226,1553,search
2025-04-03,Taylor Swift,Shake It Off,Pop,237,1983,playlist
2025-04-03,Jamie xx,Gosh,Electronic,380,341,playlist
2025-04-03,Drake,Gods Plan,Hip-Hop,273,1496,album
2025-04-03,The Beatles,Eleanor Rigby,Rock,128,21029,search
2025-04-04,Phoebe Bridgers,Kyoto,Indie,241,152,album
2025-04-05,Yuja Wang,Piano Concerto No 2,Classical,757,362,radio
2025-04-07,J. Cole,Middle Child,Hip-Hop,192,465,playlist
2025-04-07,SZA,Kill Bill,Hip-Hop,227,208,playlist
2025-04-07,The Beatles,Strawberry Fields Forever,Rock,247,19740,playlist
2025-04-08,Foo Fighters,The Pretender,Rock,401,296,radio
2025-04-08,Disclosure,Magnets,Electronic,405,109,playlist
2025-04-08,SZA,Kiss Me More,Hip-Hop,242,465,search
2025-04-09,Olivia Rodrigo,good 4 u,Pop,247,1683,search
2025-04-09,Olivia Rodrigo,good 4 u,Pop,201,1255,radio
2025-04-09,Foo Fighters,The Pretender,Rock,410,450,playlist
2025-04-09,Radiohead,Creep,Rock,382,330,search
2025-04-09,Arctic Monkeys,R U Mine,Rock,291,328,search
2025-04-10,Dua Lipa,New Rules,Pop,172,352,radio
2025-04-11,Tyler the Creator,See You Again,Hip-Hop,245,163,album
2025-04-11,Alfa Mist,Mulago,Jazz,359,527,search
2025-04-11,Drake,Hotline Bling,Hip-Hop,270,646,playlist
2025-04-12,SZA,Good Days,Hip-Hop,212,159,playlist
2025-04-12,Jamie xx,Gosh,Electronic,263,298,album
2025-04-13,Nubya Garcia,Together Is a Beautiful Place to Be,Jazz,285,93,radio
2025-04-13,Jamie xx,Gosh,Electronic,379,382,radio
2025-04-13,Daniel Caesar,Best Part,R&B,272,567,radio
2025-04-13,The Weeknd,Starboy,Pop,241,493,playlist
2025-04-13,Harry Styles,As It Was,Pop,245,385,album
2025-04-14,Tyler the Creator,EARFQUAKE,Hip-Hop,273,821,playlist
2025-04-15,Dua Lipa,Dont Start Now,Pop,212,1097,playlist
2025-04-15,Dua Lipa,Dont Start Now,Pop,243,1964,liked
2025-04-15,Foo Fighters,Learn to Fly,Rock,401,330,search
2025-04-15,Kendrick Lamar,DNA,Hip-Hop,298,1003,album
2025-04-16,ODESZA,A Moment Apart,Electronic,254,321,search
2025-04-16,J. Cole,Middle Child,Hip-Hop,275,349,playlist
2025-04-16,Drake,Hotline Bling,Hip-Hop,173,952,radio
2025-04-16,J. Cole,Middle Child,Hip-Hop,171,1111,playlist
2025-04-16,Dua Lipa,New Rules,Pop,163,929,playlist
2025-04-16,Bonobo,Bambro Koyo Ganda,Electronic,413,351,playlist
2025-04-18,Dua Lipa,Dont Start Now,Pop,248,766,search
2025-04-19,boy pablo,Dance Baby,Indie,307,211,search
2025-04-19,Phoebe Bridgers,I Know the End,Indie,351,209,radio
2025-04-19,J. Cole,Middle Child,Hip-Hop,267,719,playlist
2025-04-19,The Weeknd,Starboy,Pop,243,1323,liked
2025-04-21,SZA,Good Days,Hip-Hop,265,499,radio
2025-04-21,SZA,Good Days,Hip-Hop,223,179,playlist
2025-04-22,Led Zeppelin,Stairway to Heaven,Rock,245,220,album
2025-04-23,Daft Punk,Get Lucky,Electronic,342,76,playlist
2025-04-23,Harry Styles,As It Was,Pop,249,1301,search
2025-04-23,SZA,Good Days,Hip-Hop,241,505,album
2025-04-23,Kendrick Lamar,DNA,Hip-Hop,209,262,search
2025-04-24,Kamasi Washington,Street Fighter Mas,Jazz,340,126,playlist
2025-04-24,Drake,One Dance,Hip-Hop,216,1338,search
2025-04-24,HER,Best Part,R&B,294,123,radio
2025-04-25,Radiohead,Karma Police,Rock,359,266,album
2025-04-26,Lang Lang,Ballade No 1,Classical,403,47,search
2025-04-26,Bonobo,Bambro Koyo Ganda,Electronic,368,126,search
2025-04-27,Alfa Mist,Run Outs,Jazz,557,63,radio
2025-04-28,J. Cole,No Role Modelz,Hip-Hop,170,963,search
2025-04-28,The Beatles,All You Need Is Love,Rock,237,22002,playlist
2025-04-29,Kendrick Lamar,HUMBLE,Hip-Hop,205,1005,album
2025-04-29,Jorja Smith,Be Honest,R&B,267,443,radio
2025-04-30,boy pablo,Dance Baby,Indie,319,151,playlist
2025-04-30,Dua Lipa,New Rules,Pop,168,205,liked
2025-04-30,Daft Punk,Instant Crush,Electronic,291,4310,album
2025-05-01,Drake,Hotline Bling,Hip-Hop,180,1335,search
2025-05-01,Daft Punk,Get Lucky,Electronic,264,145,playlist
2025-05-01,Bonobo,Kerala,Electronic,389,145,playlist
2025-05-02,Kendrick Lamar,HUMBLE,Hip-Hop,267,693,search
2025-05-02,Max Richter,Dream 3,Classical,544,67,playlist
2025-05-02,Frank Ocean,Pink + White,R&B,299,667,album
2025-05-02,Harry Styles,As It Was,Pop,164,1275,search
2025-05-02,Arctic Monkeys,505,Rock,274,144,playlist
2025-05-03,Taylor Swift,Shake It Off,Pop,192,785,playlist
2025-05-03,Taylor Swift,Anti-Hero,Pop,238,205,search
2025-05-03,Dua Lipa,Dont Start Now,Pop,199,1620,search
2025-05-03,Kendrick Lamar,HUMBLE,Hip-Hop,178,1173,search
2025-05-04,Tame Impala,The Less I Know the Better,Indie,316,298,radio
2025-05-04,The Weeknd,Starboy,Pop,210,563,search
2025-05-05,Arctic Monkeys,505,Rock,383,387,liked
2025-05-05,Drake,Hotline Bling,Hip-Hop,278,827,playlist
2025-05-05,Hilary Hahn,Violin Concerto in D,Classical,853,24,radio
2025-05-05,GoGo Penguin,Kora,Jazz,254,137,search
2025-05-05,The Rolling Stones,Sympathy for the Devil,Rock,356,481,search
2025-05-06,Foo Fighters,Everlong,Rock,194,312,playlist
2025-05-06,Harry Styles,Adore You,Pop,156,893,playlist
2025-05-07,Kendrick Lamar,Money Trees,Hip-Hop,260,929,radio
2025-05-07,Lang Lang,Hungarian Rhapsody No 2,Classical,615,70,playlist
2025-05-08,The Weeknd,Starboy,Pop,185,487,search
2025-05-08,Taylor Swift,Cruel Summer,Pop,210,1986,playlist
2025-05-09,Dua Lipa,Dont Start Now,Pop,247,444,radio
2025-05-10,J. Cole,No Role Modelz,Hip-Hop,215,888,liked
2025-05-10,Arctic Monkeys,R U Mine,Rock,224,1290,album
2025-05-11,Foo Fighters,Learn to Fly,Rock,417,159,playlist
2025-05-11,Olivia Rodrigo,good 4 u,Pop,186,5416,search
2025-05-12,boy pablo,Feeling Lonely,Indie,324,276,search
2025-05-12,Radiohead,Creep,Rock,240,106,search
2025-05-13,Led Zeppelin,Whole Lotta Love,Rock,260,439,search
2025-05-14,Disclosure,Magnets,Electronic,365,206,playlist
2025-05-14,The Beatles,Hey Jude,Rock,431,17657,radio
2025-05-15,SZA,Kill Bill,Hip-Hop,207,1456,album
2025-05-16,Taylor Swift,Cruel Summer,Pop,242,725,playlist
2025-05-16,Bonobo,Kerala,Electronic,386,109,search
2025-05-16,The Beatles,Here Comes the Sun,Rock,185,43880,radio
2025-05-17,Foo Fighters,Learn to Fly,Rock,276,91,search
2025-05-18,Olivia Rodrigo,drivers license,Pop,185,329,search
2025-05-18,Jamie xx,Gosh,Electronic,273,64,radio
2025-05-20,Kendrick Lamar,DNA,Hip-Hop,263,838,radio
2025-05-20,SZA,Good Days,Hip-Hop,270,314,radio
2025-05-20,HER,Focus,R&B,266,402,album
2025-05-20,Drake,Gods Plan,Hip-Hop,195,1313,playlist
2025-05-20,Radiohead,Karma Police,Rock,383,298,playlist
2025-05-21,Arctic Monkeys,R U Mine,Rock,411,122,radio
2025-05-21,Dua Lipa,Levitating,Pop,181,1457,radio
2025-05-21,Olivia Rodrigo,vampire,Pop,165,1012,radio
2025-05-21,Dua Lipa,Levitating,Pop,247,469,liked
2025-05-22,Dua Lipa,Dont Start Now,Pop,183,1027,playlist
2025-05-22,The Rolling Stones,Paint It Black,Rock,413,430,search
2025-05-22,Arctic Monkeys,R U Mine,Rock,314,311,album
2025-05-24,Foo Fighters,Learn to Fly,Rock,239,263,liked
2025-05-24,The Beatles,Come Together,Rock,259,33631,radio
2025-05-25,Bonobo,Kerala,Electronic,369,384,search
2025-05-25,Lang Lang,Hungarian Rhapsody No 2,Classical,609,39,playlist
2025-05-25,Harry Styles,Adore You,Pop,230,1424,radio
2025-05-25,The Weeknd,Save Your Tears,Pop,196,935,search
2025-05-25,The Beatles,Yesterday,Rock,125,27250,search
2025-05-26,Led Zeppelin,Kashmir,Rock,217,310,album
2025-05-26,The Weeknd,Starboy,Pop,263,1786,playlist
2025-05-26,Harry Styles,Watermelon Sugar,Pop,177,1990,radio
2025-05-27,The Rolling Stones,Sympathy for the Devil,Rock,298,384,search
2025-05-27,SZA,Good Days,Hip-Hop,292,1405,album
2025-05-27,Dua Lipa,New Rules,Pop,251,1618,playlist
2025-05-27,Bonobo,No Reason,Electronic,301,367,playlist
2025-05-28,Yo-Yo Ma,Cello Suite No 1,Classical,451,31,search
2025-05-29,Lang Lang,Ballade No 1,Classical,673,58,playlist
2025-05-29,Disclosure,Magnets,Electronic,285,392,search
2025-05-29,Max Richter,November,Classical,752,28,playlist
2025-05-30,Arctic Monkeys,505,Rock,296,224,playlist
2025-05-30,J. Cole,Middle Child,Hip-Hop,222,1138,search
2025-05-30,GoGo Penguin,Kora,Jazz,383,82,album
2025-05-30,Jamie xx,Sleep Sound,Electronic,353,262,radio
2025-05-31,The Weeknd,Save Your Tears,Pop,255,1172,radio
2025-05-31,Radiohead,Creep,Rock,390,80,liked
2025-06-01,Tyler the Creator,See You Again,Hip-Hop,204,926,radio
2025-06-01,Foo Fighters,The Pretender,Rock,355,84,radio
2025-06-01,Kendrick Lamar,HUMBLE,Hip-Hop,247,440,search
2025-06-02,Jorja Smith,Be Honest,R&B,221,303,search
2025-06-02,Harry Styles,Watermelon Sugar,Pop,240,1643,search
2025-06-02,Drake,Gods Plan,Hip-Hop,218,1239,playlist
2025-06-02,Dua Lipa,Dont Start Now,Pop,253,1493,radio
2025-06-03,ODESZA,Line of Sight,Electronic,317,188,playlist
2025-06-03,The Weeknd,Save Your Tears,Pop,230,1705,radio
2025-06-03,Daniel Caesar,Get You,R&B,286,159,search
2025-06-03,The Rolling Stones,Paint It Black,Rock,353,255,album
2025-06-03,Foo Fighters,Learn to Fly,Rock,365,191,playlist
2025-06-03,Olivia Rodrigo,drivers license,Pop,220,1753,playlist
2025-06-03,Steve Lacy,Dark Red,R&B,285,165,playlist
2025-06-04,Kendrick Lamar,DNA,Hip-Hop,242,737,search
2025-06-04,J. Cole,Middle Child,Hip-Hop,266,1255,search
2025-06-05,Robert Glasper,So Beautiful,Jazz,492,114,liked
2025-06-05,Radiohead,Creep,Rock,316,256,playlist
2025-06-06,Kendrick Lamar,HUMBLE,Hip-Hop,231,1472,album
2025-06-06,Harry Styles,As It Was,Pop,186,1191,radio
2025-06-07,Radiohead,Creep,Rock,195,294,liked
2025-06-07,SZA,Kiss Me More,Hip-Hop,190,432,radio
2025-06-07,Bonobo,No Reason,Electronic,262,76,search
2025-06-07,Yo-Yo Ma,Prelude in G Major,Classical,688,23,playlist
2025-06-07,SZA,Kill Bill,Hip-Hop,246,225,radio
2025-06-08,Led Zeppelin,Stairway to Heaven,Rock,330,354,radio
2025-06-08,Jamie xx,Gosh,Electronic,437,280,playlist
2025-06-08,GoGo Penguin,Raven,Jazz,307,66,liked
2025-06-08,Bonobo,No Reason,Electronic,300,122,album
2025-06-09,The Weeknd,Starboy,Pop,187,216,search
2025-06-09,Phoebe Bridgers,I Know the End,Indie,320,71,search
2025-06-09,ODESZA,A Moment Apart,Electronic,458,343,search
2025-06-10,Drake,Gods Plan,Hip-Hop,250,1352,album
2025-06-10,The Rolling Stones,Sympathy for the Devil,Rock,272,149,radio
2025-06-11,The Rolling Stones,Sympathy for the Devil,Rock,338,83,playlist
2025-06-11,Lang Lang,Ballade No 1,Classical,526,50,radio
2025-06-11,Kendrick Lamar,HUMBLE,Hip-Hop,224,1022,playlist
2025-06-11,HER,Focus,R&B,192,675,search
2025-06-11,J. Cole,Middle Child,Hip-Hop,270,994,album
2025-06-11,Yo-Yo Ma,Cello Suite No 1,Classical,742,78,radio
2025-06-11,HER,Focus,R&B,270,471,album
2025-06-13,Taylor Swift,Shake It Off,Pop,236,963,album
2025-06-14,Olivia Rodrigo,vampire,Pop,206,1522,playlist
2025-06-14,SZA,Good Days,Hip-Hop,223,1397,playlist
2025-06-14,Radiohead,No Surprises,Rock,420,114,playlist
2025-06-15,Nubya Garcia,The Message Continues,Jazz,319,61,search
2025-06-15,Jamie xx,Sleep Sound,Electronic,380,169,album
2025-06-15,SZA,Kill Bill,Hip-Hop,288,571,album
2025-06-15,Yuja Wang,Islamey,Classical,733,37,radio
2025-06-16,Dua Lipa,Dont Start Now,Pop,185,1833,album
2025-06-16,Frank Ocean,Pink + White,R&B,201,523,radio
2025-06-16,Taylor Swift,Cruel Summer,Pop,217,1573,liked
2025-06-17,Foo Fighters,Learn to Fly,Rock,277,300,search
2025-06-17,Bonobo,Bambro Koyo Ganda,Electronic,282,368,radio
2025-06-17,Mac DeMarco,Chamber of Reflection,Indie,256,251,search
2025-06-17,Led Zeppelin,Kashmir,Rock,353,282,playlist
2025-06-17,Drake,One Dance,Hip-Hop,193,1061,album
2025-06-18,Jorja Smith,On My Mind,R&B,304,424,album
2025-06-18,The Weeknd,Blinding Lights,Pop,238,735,playlist
2025-06-19,Harry Styles,Watermelon Sugar,Pop,264,1019,liked
2025-06-19,The Weeknd,Starboy,Pop,210,1149,playlist
2025-06-19,Taylor Swift,Shake It Off,Pop,256,382,search
2025-06-19,HER,Focus,R&B,301,599,playlist
2025-06-19,J. Cole,Middle Child,Hip-Hop,237,493,radio
2025-06-20,Taylor Swift,Anti-Hero,Pop,165,589,radio
2025-06-20,Dua Lipa,Levitating,Pop,186,1511,playlist
2025-06-20,Daft Punk,Get Lucky,Electronic,330,193,search
2025-06-21,Disclosure,White Noise,Electronic,318,174,search
2025-06-21,Harry Styles,Adore You,Pop,182,1341,playlist
2025-06-21,Tyler the Creator,EARFQUAKE,Hip-Hop,173,446,search
2025-06-21,ODESZA,A Moment Apart,Electronic,476,113,search
2025-06-21,Taylor Swift,Shake It Off,Pop,246,1179,search
2025-06-22,Foo Fighters,Everlong,Rock,334,263,playlist
2025-06-22,Dua Lipa,Levitating,Pop,251,1699,radio
2025-06-22,Hilary Hahn,Violin Concerto in D,Classical,605,43,playlist
2025-06-22,Tyler the Creator,See You Again,Hip-Hop,208,1153,playlist
2025-06-23,Steve Lacy,Dark Red,R&B,260,197,radio
2025-06-23,Dua Lipa,Levitating,Pop,217,1245,search
2025-06-23,Yuja Wang,Islamey,Classical,831,73,playlist
2025-06-23,Clairo,Pretty Girl,Indie,303,68,playlist
2025-06-24,Harry Styles,Adore You,Pop,222,864,search
2025-06-24,Bonobo,Kerala,Electronic,420,71,album
2025-06-24,The Weeknd,Save Your Tears,Pop,174,259,playlist
2025-06-24,The Weeknd,Starboy,Pop,222,1806,radio
2025-06-25,Yuja Wang,Rondo Capriccioso,Classical,824,27,playlist
2025-06-25,boy pablo,Dance Baby,Indie,278,85,playlist
2025-06-25,Led Zeppelin,Kashmir,Rock,408,240,search
2025-06-25,Olivia Rodrigo,good 4 u,Pop,246,631,search
2025-06-26,Lang Lang,Hungarian Rhapsody No 2,Classical,626,75,playlist
2025-06-26,Arctic Monkeys,Do I Wanna Know,Rock,282,106,search
2025-06-27,Dua Lipa,New Rules,Pop,253,1767,radio
2025-06-27,J. Cole,No Role Modelz,Hip-Hop,228,911,radio
2025-06-27,Lang Lang,La Campanella,Classical,643,21,search
2025-06-27,Tyler the Creator,EARFQUAKE,Hip-Hop,265,1054,playlist
2025-06-28,Phoebe Bridgers,Kyoto,Indie,319,195,radio
2025-06-28,Dua Lipa,Levitating,Pop,175,410,playlist
2025-06-29,J. Cole,PRIDE is the Devil,Hip-Hop,174,1040,playlist
2025-06-29,Harry Styles,Adore You,Pop,186,1901,playlist
2025-06-30,Tyler the Creator,NEW MAGIC WAND,Hip-Hop,282,1101,radio
2025-06-30,Kendrick Lamar,Money Trees,Hip-Hop,183,689,search
2025-07-01,Harry Styles,Adore You,Pop,227,1599,radio
2025-07-01,Bonobo,No Reason,Electronic,303,307,playlist
2025-07-01,Olivia Rodrigo,drivers license,Pop,208,964,search
2025-07-01,Disclosure,Magnets,Electronic,400,201,playlist
2025-07-01,Yuja Wang,Rondo Capriccioso,Classical,415,75,radio
2025-07-01,Max Richter,November,Classical,690,150,playlist
2025-07-02,HER,Best Part,R&B,265,772,playlist
2025-07-02,SZA,Good Days,Hip-Hop,257,530,playlist
2025-07-02,The Weeknd,Blinding Lights,Pop,238,974,playlist
2025-07-03,Frank Ocean,Thinkin Bout You,R&B,237,791,radio
2025-07-03,Foo Fighters,Everlong,Rock,239,112,playlist
2025-07-03,Foo Fighters,Everlong,Rock,300,337,radio
2025-07-03,Harry Styles,Watermelon Sugar,Pop,232,313,playlist
2025-07-04,Radiohead,No Surprises,Rock,309,339,search
2025-07-05,Arctic Monkeys,505,Rock,281,410,playlist
2025-07-05,Arctic Monkeys,Do I Wanna Know,Rock,376,189,search
2025-07-05,Alfa Mist,Run Outs,Jazz,251,125,playlist
2025-07-06,Daniel Caesar,Get You,R&B,301,439,radio
2025-07-06,Daft Punk,Get Lucky,Electronic,327,397,search
2025-07-07,Nubya Garcia,Source,Jazz,527,122,playlist
2025-07-07,Kendrick Lamar,Money Trees,Hip-Hop,268,1053,playlist
2025-07-07,The Weeknd,Save Your Tears,Pop,249,337,playlist
2025-07-07,The Weeknd,Blinding Lights,Pop,193,1767,search
2025-07-09,Led Zeppelin,Stairway to Heaven,Rock,334,217,radio
2025-07-10,Jorja Smith,Blue Lights,R&B,264,700,radio
2025-07-10,Kendrick Lamar,Money Trees,Hip-Hop,260,345,playlist
2025-07-10,Arctic Monkeys,R U Mine,Rock,399,223,radio
2025-07-10,Daniel Caesar,Best Part,R&B,266,611,album
2025-07-11,Yuja Wang,Rondo Capriccioso,Classical,395,21,search
2025-07-11,Drake,One Dance,Hip-Hop,187,728,search
2025-07-11,Olivia Rodrigo,good 4 u,Pop,174,1170,playlist
2025-07-11,Led Zeppelin,Whole Lotta Love,Rock,231,263,playlist
2025-07-12,Bonobo,Kerala,Electronic,411,329,search
2025-07-12,Foo Fighters,Learn to Fly,Rock,237,413,playlist
2025-07-12,Lang Lang,La Campanella,Classical,653,61,search
2025-07-12,Disclosure,Magnets,Electronic,392,370,playlist
2025-07-13,Bonobo,Bambro Koyo Ganda,Electronic,391,224,playlist
2025-07-13,boy pablo,Everytime,Indie,322,60,radio
2025-07-14,SZA,Good Days,Hip-Hop,238,1355,search
2025-07-14,Led Zeppelin,Stairway to Heaven,Rock,208,373,playlist
2025-07-14,Tyler the Creator,See You Again,Hip-Hop,246,1277,playlist
2025-07-14,Olivia Rodrigo,drivers license,Pop,213,10097,album
2025-07-14,HER,Focus,R&B,214,442,playlist
2025-07-14,Arctic Monkeys,R U Mine,Rock,357,439,radio
2025-07-15,SZA,Kill Bill,Hip-Hop,195,558,album
2025-07-15,HER,Focus,R&B,268,657,album
2025-07-15,The Rolling Stones,Paint It Black,Rock,221,216,liked
2025-07-15,The Weeknd,Blinding Lights,Pop,211,1071,radio
2025-07-15,Olivia Rodrigo,drivers license,Pop,256,1885,search
2025-07-15,Led Zeppelin,Whole Lotta Love,Rock,252,190,radio
2025-07-16,Frank Ocean,Nights,R&B,255,490,liked
2025-07-16,The Rolling Stones,Paint It Black,Rock,256,240,playlist
2025-07-17,Olivia Rodrigo,vampire,Pop,260,714,album
2025-07-17,SZA,Kill Bill,Hip-Hop,256,997,search
2025-07-18,J. Cole,PRIDE is the Devil,Hip-Hop,273,1953,album
2025-07-18,Tame Impala,Feels Like We Only Go Backwards,Indie,267,193,album
2025-07-18,Foo Fighters,The Pretender,Rock,390,234,radio
2025-07-19,Steve Lacy,Mercury,R&B,236,659,search
2025-07-19,Tame Impala,Feels Like We Only Go Backwards,Indie,244,248,radio
2025-07-19,Kendrick Lamar,Money Trees,Hip-Hop,298,1154,search
2025-07-20,Drake,One Dance,Hip-Hop,166,1174,search
2025-07-20,Foo Fighters,Everlong,Rock,244,178,album
2025-07-20,Tyler the Creator,NEW MAGIC WAND,Hip-Hop,293,1355,playlist
2025-07-21,The Weeknd,Blinding Lights,Pop,173,1412,radio
2025-07-21,Bonobo,Bambro Koyo Ganda,Electronic,259,291,album
2025-07-21,Dua Lipa,New Rules,Pop,203,892,playlist
2025-07-22,Arctic Monkeys,R U Mine,Rock,419,241,playlist
2025-07-22,Daniel Caesar,Get You,R&B,200,143,playlist
2025-07-22,Taylor Swift,Shake It Off,Pop,155,646,search
2025-07-22,SZA,Kiss Me More,Hip-Hop,214,1023,album
2025-07-22,Mac DeMarco,Freaking Out the Neighborhood,Indie,301,171,album
2025-07-22,Disclosure,Magnets,Electronic,306,81,playlist
2025-07-23,Hilary Hahn,Partita No 2,Classical,761,91,search
2025-07-24,Olivia Rodrigo,good 4 u,Pop,151,1400,radio
2025-07-25,SZA,Kiss Me More,Hip-Hop,252,225,radio
2025-07-25,Taylor Swift,Shake It Off,Pop,254,1400,playlist
2025-07-25,Dua Lipa,New Rules,Pop,237,468,playlist
2025-07-25,Tyler the Creator,NEW MAGIC WAND,Hip-Hop,283,649,search
2025-07-25,Jorja Smith,Be Honest,R&B,204,194,search
2025-07-25,Jamie xx,Loud Places,Electronic,334,136,playlist
2025-07-26,SZA,Good Days,Hip-Hop,211,159,radio
2025-07-26,Led Zeppelin,Whole Lotta Love,Rock,185,147,search
2025-07-27,Disclosure,Magnets,Electronic,247,396,radio
2025-07-27,Frank Ocean,Pink + White,R&B,257,669,search
2025-07-28,Tyler the Creator,NEW MAGIC WAND,Hip-Hop,285,1125,search
2025-07-28,Arctic Monkeys,Do I Wanna Know,Rock,247,311,album
2025-07-28,Alfa Mist,Run Outs,Jazz,321,34,playlist
2025-07-28,Phoebe Bridgers,Kyoto,Indie,203,201,playlist
2025-07-28,HER,Best Part,R&B,285,603,album
2025-07-29,Foo Fighters,Everlong,Rock,241,466,album
2025-07-29,Taylor Swift,Shake It Off,Pop,238,1216,album
2025-07-29,Kamasi Washington,Street Fighter Mas,Jazz,583,125,liked
2025-07-30,Foo Fighters,Learn to Fly,Rock,349,495,radio
2025-07-30,Olivia Rodrigo,vampire,Pop,226,305,playlist
2025-07-30,Radiohead,Creep,Rock,346,375,search
2025-07-31,Drake,Gods Plan,Hip-Hop,283,516,playlist
2025-07-31,Taylor Swift,Anti-Hero,Pop,241,1129,album
2025-07-31,Daniel Caesar,Peaches,R&B,222,550,playlist
2025-08-01,Drake,Gods Plan,Hip-Hop,267,1001,search
2025-08-01,The Weeknd,Starboy,Pop,257,23049,search
2025-08-01,Dua Lipa,New Rules,Pop,217,1994,search
2025-08-01,Radiohead,No Surprises,Rock,257,124,search
2025-08-02,Dua Lipa,Dont Start Now,Pop,192,839,search
2025-08-02,ODESZA,Line of Sight,Electronic,403,124,playlist
2025-08-03,Dua Lipa,Dont Start Now,Pop,174,1383,radio
2025-08-03,Frank Ocean,Thinkin Bout You,R&B,209,732,radio
2025-08-04,Frank Ocean,Pink + White,R&B,297,470,radio
2025-08-05,Jamie xx,Sleep Sound,Electronic,315,309,playlist
2025-08-05,Daft Punk,Instant Crush,Electronic,279,334,playlist
2025-08-06,SZA,Good Days,Hip-Hop,268,877,radio
2025-08-08,Dua Lipa,Levitating,Pop,181,767,search
2025-08-08,Harry Styles,Watermelon Sugar,Pop,181,919,playlist
2025-08-09,J. Cole,No Role Modelz,Hip-Hop,283,1235,radio
2025-08-11,The Weeknd,Save Your Tears,Pop,267,753,search
2025-08-11,Bonobo,Kerala,Electronic,343,5321,album
2025-08-11,Drake,Hotline Bling,Hip-Hop,266,1324,liked
2025-08-12,The Beatles,Twist and Shout,Rock,155,20812,radio
2025-08-13,Clairo,Sofia,Indie,266,176,playlist
2025-08-14,Foo Fighters,Everlong,Rock,402,449,radio
2025-08-14,Arctic Monkeys,505,Rock,255,147,playlist
2025-08-14,Dua Lipa,Dont Start Now,Pop,214,1614,radio
2025-08-14,Dua Lipa,New Rules,Pop,202,1732,radio
2025-08-15,Jamie xx,Loud Places,Electronic,312,146,search
2025-08-15,Jamie xx,Loud Places,Electronic,280,340,radio
2025-08-15,ODESZA,A Moment Apart,Electronic,309,163,album
2025-08-15,Frank Ocean,Nights,R&B,278,243,search
2025-08-15,Radiohead,Creep,Rock,251,205,radio
2025-08-15,The Beatles,In My Life,Rock,147,33364,search
2025-08-16,Harry Styles,As It Was,Pop,205,471,search
2025-08-16,Arctic Monkeys,Do I Wanna Know,Rock,302,296,playlist
2025-08-16,Steve Lacy,Bad Habit,R&B,210,610,liked
2025-08-16,GoGo Penguin,Raven,Jazz,457,93,radio
2025-08-17,Daniel Caesar,Best Part,R&B,266,319,album
2025-08-18,Jamie xx,Sleep Sound,Electronic,322,385,album
2025-08-19,Olivia Rodrigo,vampire,Pop,193,1449,playlist
2025-08-19,Drake,Gods Plan,Hip-Hop,206,412,radio
2025-08-19,Harry Styles,Adore You,Pop,222,1396,search
2025-08-19,Tyler the Creator,NEW MAGIC WAND,Hip-Hop,287,227,radio
2025-08-19,Mac DeMarco,Freaking Out the Neighborhood,Indie,300,284,playlist
2025-08-21,Arctic Monkeys,505,Rock,383,412,playlist
2025-08-22,Olivia Rodrigo,vampire,Pop,203,1942,radio
2025-08-23,Jamie xx,Gosh,Electronic,369,97,playlist
2025-08-23,Disclosure,Latch,Electronic,385,232,radio
2025-08-24,Dua Lipa,Levitating,Pop,201,248,playlist
2025-08-24,Mac DeMarco,Freaking Out the Neighborhood,Indie,343,269,search
2025-08-24,Dua Lipa,Dont Start Now,Pop,181,951,playlist
2025-08-24,boy pablo,Feeling Lonely,Indie,285,286,album
2025-08-24,Tame Impala,The Less I Know the Better,Indie,259,58,radio
2025-08-26,Daft Punk,Around the World,Electronic,277,101,playlist
2025-08-26,Steve Lacy,Bad Habit,R&B,319,612,playlist
2025-08-27,boy pablo,Everytime,Indie,268,87,liked
2025-08-27,Harry Styles,Adore You,Pop,239,326,radio
2025-08-27,Daft Punk,Instant Crush,Electronic,346,166,search
2025-08-28,boy pablo,Dance Baby,Indie,331,63,search
2025-08-28,Lang Lang,Ballade No 1,Classical,706,96,liked
2025-08-28,Tame Impala,Feels Like We Only Go Backwards,Indie,259,209,radio
2025-08-29,Harry Styles,Watermelon Sugar,Pop,170,1572,playlist
2025-08-29,Phoebe Bridgers,Kyoto,Indie,298,342,radio
2025-08-29,Daniel Caesar,Best Part,R&B,264,603,liked
2025-08-29,Jamie xx,Loud Places,Electronic,444,291,radio
2025-08-29,The Beatles,A Hard Days Night,Rock,154,27054,playlist
2025-08-30,Tame Impala,Feels Like We Only Go Backwards,Indie,323,120,playlist
2025-08-30,Arctic Monkeys,R U Mine,Rock,233,349,radio
2025-08-30,Tame Impala,The Less I Know the Better,Indie,289,246,search
2025-08-31,J. Cole,Middle Child,Hip-Hop,276,1277,playlist
2025-08-31,HER,Focus,R&B,247,582,playlist
2025-08-31,Kendrick Lamar,DNA,Hip-Hop,181,1223,playlist
2025-08-31,Olivia Rodrigo,vampire,Pop,174,1520,playlist
2025-09-01,Tyler the Creator,NEW MAGIC WAND,Hip-Hop,293,717,search
2025-09-01,boy pablo,Everytime,Indie,210,322,playlist
2025-09-01,Drake,Gods Plan,Hip-Hop,298,1273,playlist
2025-09-01,Kendrick Lamar,Money Trees,Hip-Hop,262,967,search
2025-09-01,Alfa Mist,Mulago,Jazz,439,117,search
2025-09-01,Yo-Yo Ma,The Swan,Classical,317,75,album
2025-09-01,The Weeknd,Blinding Lights,Pop,163,1100,playlist
2025-09-01,Tyler the Creator,NEW MAGIC WAND,Hip-Hop,286,264,search
2025-09-03,Steve Lacy,Mercury,R&B,293,210,playlist
2025-09-03,Harry Styles,Watermelon Sugar,Pop,219,449,search
2025-09-03,boy pablo,Dance Baby,Indie,241,154,search
2025-09-03,Tyler the Creator,See You Again,Hip-Hop,192,863,search
2025-09-04,Tame Impala,Feels Like We Only Go Backwards,Indie,238,121,playlist
2025-09-04,Harry Styles,Watermelon Sugar,Pop,212,1376,playlist
2025-09-05,Drake,Gods Plan,Hip-Hop,182,810,playlist
2025-09-05,HER,Focus,R&B,306,352,search
2025-09-05,The Weeknd,Blinding Lights,Pop,154,1419,radio
2025-09-06,ODESZA,Say My Name,Electronic,269,170,playlist
2025-09-06,Foo Fighters,Everlong,Rock,296,190,playlist
2025-09-07,Disclosure,Magnets,Electronic,477,347,radio
2025-09-07,The Weeknd,Save Your Tears,Pop,264,1749,search
2025-09-07,Radiohead,Karma Police,Rock,390,246,search
2025-09-07,The Rolling Stones,Paint It Black,Rock,331,125,album
2025-09-08,Bonobo,Kerala,Electronic,353,249,liked
2025-09-08,Yuja Wang,Piano Concerto No 2,Classical,660,31,playlist
2025-09-08,Dua Lipa,Dont Start Now,Pop,156,1924,album
2025-09-09,The Rolling Stones,Sympathy for the Devil,Rock,292,225,playlist
2025-09-09,SZA,Good Days,Hip-Hop,167,492,radio
2025-09-09,Harry Styles,As It Was,Pop,255,1075,radio
2025-09-09,Clairo,Pretty Girl,Indie,254,54,search
2025-09-09,Phoebe Bridgers,Motion Sickness,Indie,306,111,liked
2025-09-09,The Beatles,Norwegian Wood,Rock,122,19913,search
2025-09-10,Led Zeppelin,Whole Lotta Love,Rock,274,149,radio
2025-09-10,Phoebe Bridgers,I Know the End,Indie,208,289,playlist
2025-09-10,The Rolling Stones,Sympathy for the Devil,Rock,205,118,album
2025-09-10,Jorja Smith,Blue Lights,R&B,180,397,playlist
2025-09-10,SZA,Kill Bill,Hip-Hop,199,204,playlist
2025-09-10,Clairo,Sofia,Indie,315,95,search
2025-09-10,The Beatles,While My Guitar Gently Weeps,Rock,284,17372,search
2025-09-11,Kendrick Lamar,Money Trees,Hip-Hop,299,383,album
2025-09-11,Led Zeppelin,Stairway to Heaven,Rock,253,496,radio
2025-09-12,SZA,Good Days,Hip-Hop,265,566,playlist
2025-09-12,Dua Lipa,Dont Start Now,Pop,175,1902,search
2025-09-13,Kendrick Lamar,Money Trees,Hip-Hop,196,1205,playlist
2025-09-13,Yuja Wang,Piano Concerto No 2,Classical,392,49,album
2025-09-13,Drake,Gods Plan,Hip-Hop,258,274,playlist
2025-09-13,The Rolling Stones,Sympathy for the Devil,Rock,303,301,album
2025-09-15,Olivia Rodrigo,drivers license,Pop,190,967,album
2025-09-15,Harry Styles,As It Was,Pop,178,253,playlist
2025-09-15,Led Zeppelin,Whole Lotta Love,Rock,311,430,playlist
2025-09-15,Disclosure,Latch,Electronic,432,261,search
2025-09-16,Tyler the Creator,EARFQUAKE,Hip-Hop,172,1344,playlist
2025-09-16,Foo Fighters,The Pretender,Rock,213,482,playlist
2025-09-17,Jorja Smith,On My Mind,R&B,184,676,search
2025-09-17,The Rolling Stones,Sympathy for the Devil,Rock,209,230,album
2025-09-18,The Rolling Stones,Paint It Black,Rock,278,103,album
2025-09-18,The Beatles,Get Back,Rock,190,27877,search
2025-09-19,Dua Lipa,New Rules,Pop,252,462,search
2025-09-19,Disclosure,White Noise,Electronic,436,341,playlist
2025-09-19,Olivia Rodrigo,drivers license,Pop,213,450,playlist
2025-09-20,Drake,Hotline Bling,Hip-Hop,238,1294,radio
2025-09-21,ODESZA,Say My Name,Electronic,426,283,radio
2025-09-22,Kamasi Washington,Hub-Tones,Jazz,588,123,playlist
2025-09-22,Max Richter,November,Classical,590,1109,album
2025-09-22,Kamasi Washington,Fists of Fury,Jazz,395,94,radio
2025-09-23,Taylor Swift,Shake It Off,Pop,179,1245,radio
2025-09-23,Led Zeppelin,Whole Lotta Love,Rock,314,277,radio
2025-09-23,Arctic Monkeys,Do I Wanna Know,Rock,234,233,album
2025-09-24,GoGo Penguin,Murmuration,Jazz,491,95,search
2025-09-25,Drake,One Dance,Hip-Hop,220,1122,search
2025-09-25,Arctic Monkeys,Do I Wanna Know,Rock,403,431,playlist
2025-09-25,Jamie xx,Sleep Sound,Electronic,263,188,playlist
2025-09-26,Yo-Yo Ma,Prelude in G Major,Classical,719,58,radio
2025-09-27,SZA,Kiss Me More,Hip-Hop,241,301,radio
2025-09-28,Daft Punk,Instant Crush,Electronic,380,117,album
2025-09-28,HER,Best Part,R&B,219,248,album
2025-09-29,boy pablo,Feeling Lonely,Indie,258,4287,playlist
2025-09-29,The Weeknd,Blinding Lights,Pop,226,1943,playlist
2025-09-29,Dua Lipa,Levitating,Pop,241,405,search
2025-09-29,Alfa Mist,Run Outs,Jazz,597,24,radio
2025-09-29,Olivia Rodrigo,good 4 u,Pop,194,1724,radio
2025-10-01,Robert Glasper,So Beautiful,Jazz,567,117,radio
2025-10-01,The Rolling Stones,Paint It Black,Rock,212,363,radio
2025-10-01,Olivia Rodrigo,drivers license,Pop,256,1213,playlist
2025-10-01,Olivia Rodrigo,vampire,Pop,168,804,playlist
2025-10-01,HER,Best Part,R&B,254,570,radio
2025-10-01,Taylor Swift,Cruel Summer,Pop,208,1222,album
2025-10-02,Kendrick Lamar,HUMBLE,Hip-Hop,250,658,playlist
2025-10-02,Clairo,Pretty Girl,Indie,326,246,radio
2025-10-02,J. Cole,PRIDE is the Devil,Hip-Hop,261,714,radio
2025-10-03,Daniel Caesar,Best Part,R&B,200,796,search
2025-10-03,Dua Lipa,New Rules,Pop,246,656,playlist
2025-10-04,Led Zeppelin,Stairway to Heaven,Rock,360,276,playlist
2025-10-04,Dua Lipa,Levitating,Pop,166,1553,playlist
2025-10-04,Jorja Smith,Blue Lights,R&B,213,777,search
2025-10-04,Dua Lipa,New Rules,Pop,245,1683,liked
2025-10-04,Arctic Monkeys,R U Mine,Rock,297,431,liked
2025-10-04,Robert Glasper,F.T.B.,Jazz,372,47,playlist
2025-10-05,Harry Styles,Watermelon Sugar,Pop,252,489,playlist
2025-10-05,The Weeknd,Save Your Tears,Pop,154,236,liked
2025-10-06,Harry Styles,As It Was,Pop,199,1628,playlist
2025-10-06,Kendrick Lamar,HUMBLE,Hip-Hop,196,5614,radio
2025-10-06,Harry Styles,Watermelon Sugar,Pop,155,956,playlist
2025-10-06,Kendrick Lamar,DNA,Hip-Hop,244,603,playlist
2025-10-06,SZA,Kiss Me More,Hip-Hop,179,925,search
2025-10-06,Disclosure,Magnets,Electronic,422,99,search
2025-10-07,Foo Fighters,Everlong,Rock,239,95,search
2025-10-07,Drake,One Dance,Hip-Hop,179,270,album
2025-10-07,ODESZA,A Moment Apart,Electronic,243,68,playlist
2025-10-08,Drake,Gods Plan,Hip-Hop,172,853,playlist
2025-10-08,GoGo Penguin,Kora,Jazz,568,27,radio
2025-10-09,Foo Fighters,Learn to Fly,Rock,254,187,album
2025-10-09,Taylor Swift,Shake It Off,Pop,157,1195,album
2025-10-10,The Rolling Stones,Paint It Black,Rock,363,238,radio
2025-10-10,Harry Styles,Adore You,Pop,232,1292,playlist
2025-10-10,The Weeknd,Starboy,Pop,196,1539,search
2025-10-11,Dua Lipa,Levitating,Pop,157,345,playlist
2025-10-11,Olivia Rodrigo,vampire,Pop,185,1122,album
2025-10-12,Harry Styles,Adore You,Pop,258,663,search
2025-10-12,J. Cole,PRIDE is the Devil,Hip-Hop,241,930,radio
2025-10-12,Kendrick Lamar,HUMBLE,Hip-Hop,183,333,search
2025-10-13,Olivia Rodrigo,drivers license,Pop,208,741,search
2025-10-13,Phoebe Bridgers,Motion Sickness,Indie,190,310,playlist
2025-10-13,boy pablo,Everytime,Indie,220,55,search
2025-10-13,Led Zeppelin,Kashmir,Rock,341,288,search
2025-10-13,Daniel Caesar,Best Part,R&B,269,289,playlist
2025-10-13,Kamasi Washington,Street Fighter Mas,Jazz,385,146,search
2025-10-14,Clairo,Bags,Indie,240,129,album
2025-10-14,Phoebe Bridgers,I Know the End,Indie,277,316,playlist
2025-10-15,The Weeknd,Save Your Tears,Pop,156,789,album
2025-10-15,Olivia Rodrigo,vampire,Pop,154,1385,playlist
2025-10-15,Bonobo,Bambro Koyo Ganda,Electronic,378,135,liked
2025-10-15,The Beatles,Across the Universe,Rock,229,41798,radio
2025-10-16,Clairo,Bags,Indie,189,208,playlist
2025-10-16,Olivia Rodrigo,vampire,Pop,234,546,liked
2025-10-17,Mac DeMarco,Chamber of Reflection,Indie,210,335,playlist
2025-10-18,Led Zeppelin,Whole Lotta Love,Rock,275,310,search
2025-10-18,Led Zeppelin,Stairway to Heaven,Rock,260,229,album
2025-10-18,Radiohead,Karma Police,Rock,296,475,album
2025-10-19,Clairo,Sofia,Indie,359,289,search
2025-10-19,Disclosure,Magnets,Electronic,396,254,playlist
2025-10-19,Disclosure,Magnets,Electronic,267,345,radio
2025-10-20,Drake,One Dance,Hip-Hop,275,228,search
2025-10-21,Drake,One Dance,Hip-Hop,248,324,playlist
2025-10-22,ODESZA,Say My Name,Electronic,416,161,album
2025-10-22,Foo Fighters,The Pretender,Rock,262,267,playlist
2025-10-23,Taylor Swift,Shake It Off,Pop,218,15581,radio
2025-10-23,ODESZA,Say My Name,Electronic,443,291,album
2025-10-23,ODESZA,Say My Name,Electronic,367,321,album
2025-10-23,Robert Glasper,F.T.B.,Jazz,592,106,radio
2025-10-23,Olivia Rodrigo,vampire,Pop,163,1562,playlist
2025-10-23,Taylor Swift,Cruel Summer,Pop,205,912,search
2025-10-23,Bonobo,Kerala,Electronic,247,136,playlist
2025-10-23,Tyler the Creator,NEW MAGIC WAND,Hip-Hop,299,1177,search
2025-10-23,SZA,Good Days,Hip-Hop,271,1456,album
2025-10-24,Taylor Swift,Anti-Hero,Pop,233,1706,playlist
2025-10-24,Dua Lipa,New Rules,Pop,180,1799,search
2025-10-25,The Weeknd,Save Your Tears,Pop,268,1439,search
2025-10-25,The Rolling Stones,Sympathy for the Devil,Rock,220,393,playlist
2025-10-25,SZA,Good Days,Hip-Hop,263,1124,liked
2025-10-26,J. Cole,Middle Child,Hip-Hop,240,568,playlist
2025-10-26,Foo Fighters,Learn to Fly,Rock,350,210,playlist
2025-10-26,Daniel Caesar,Peaches,R&B,222,775,radio
2025-10-27,Drake,Gods Plan,Hip-Hop,195,891,search
2025-10-27,Tame Impala,Feels Like We Only Go Backwards,Indie,270,244,playlist
2025-10-27,The Rolling Stones,Gimme Shelter,Rock,381,337,radio
2025-10-29,Nubya Garcia,Source,Jazz,286,138,search
2025-10-30,Radiohead,Creep,Rock,189,238,playlist
2025-10-30,Olivia Rodrigo,drivers license,Pop,223,699,search
2025-10-31,SZA,Kill Bill,Hip-Hop,188,817,playlist
2025-11-01,Yo-Yo Ma,Prelude in G Major,Classical,418,12,search
2025-11-01,Daniel Caesar,Best Part,R&B,282,307,playlist
2025-11-01,Steve Lacy,Bad Habit,R&B,307,338,playlist
2025-11-02,J. Cole,Middle Child,Hip-Hop,189,1391,search
2025-11-02,Clairo,Pretty Girl,Indie,214,1968,album
2025-11-02,Led Zeppelin,Whole Lotta Love,Rock,231,333,album
2025-11-02,Drake,Gods Plan,Hip-Hop,296,1222,playlist
2025-11-02,Tyler the Creator,EARFQUAKE,Hip-Hop,165,1175,playlist
2025-11-03,Led Zeppelin,Kashmir,Rock,375,188,playlist
2025-11-03,Daft Punk,Get Lucky,Electronic,299,82,search
2025-11-03,HER,Best Part,R&B,313,409,playlist
2025-11-04,Nubya Garcia,The Message Continues,Jazz,577,26,album
2025-11-04,Kendrick Lamar,HUMBLE,Hip-Hop,234,573,liked
2025-11-04,Daniel Caesar,Get You,R&B,258,722,radio
2025-11-05,Mac DeMarco,Chamber of Reflection,Indie,269,348,playlist
2025-11-05,Phoebe Bridgers,Kyoto,Indie,281,210,liked
2025-11-06,Taylor Swift,Anti-Hero,Pop,223,1580,search
2025-11-06,Hilary Hahn,Sonata No 3,Classical,767,81,liked
2025-11-07,Foo Fighters,The Pretender,Rock,187,282,search
2025-11-07,The Rolling Stones,Sympathy for the Devil,Rock,244,483,search
2025-11-08,Foo Fighters,The Pretender,Rock,253,394,radio
2025-11-10,Max Richter,On the Nature of Daylight,Classical,606,95,album
2025-11-10,Foo Fighters,The Pretender,Rock,182,487,playlist
2025-11-10,The Weeknd,Blinding Lights,Pop,245,1216,playlist
2025-11-10,Daniel Caesar,Peaches,R&B,300,369,liked
2025-11-10,Kendrick Lamar,HUMBLE,Hip-Hop,240,481,playlist
2025-11-10,HER,Focus,R&B,248,764,search
2025-11-10,Radiohead,No Surprises,Rock,202,402,search
2025-11-10,Tyler the Creator,NEW MAGIC WAND,Hip-Hop,245,315,radio
2025-11-11,Radiohead,Karma Police,Rock,187,314,playlist
2025-11-11,Kamasi Washington,Fists of Fury,Jazz,544,72,playlist
2025-11-11,Tame Impala,Let It Happen,Indie,291,134,playlist
2025-11-11,Daft Punk,Get Lucky,Electronic,241,259,album
2025-11-11,Dua Lipa,Levitating,Pop,193,1511,search
2025-11-11,Jamie xx,Sleep Sound,Electronic,445,342,playlist
2025-11-12,Clairo,Sofia,Indie,285,53,playlist
2025-11-12,Taylor Swift,Shake It Off,Pop,159,344,album
2025-11-12,The Weeknd,Save Your Tears,Pop,179,672,radio
2025-11-13,Mac DeMarco,Freaking Out the Neighborhood,Indie,191,148,radio
2025-11-13,Dua Lipa,New Rules,Pop,169,350,search
2025-11-13,Harry Styles,Adore You,Pop,167,1408,playlist
2025-11-13,Olivia Rodrigo,good 4 u,Pop,186,669,search
2025-11-13,Led Zeppelin,Stairway to Heaven,Rock,411,168,playlist
2025-11-14,boy pablo,Feeling Lonely,Indie,342,163,album
2025-11-14,Foo Fighters,Everlong,Rock,386,165,playlist
2025-11-14,Jorja Smith,Blue Lights,R&B,317,428,album
2025-11-15,Jamie xx,Gosh,Electronic,452,371,radio
2025-11-15,Taylor Swift,Cruel Summer,Pop,164,1869,search
2025-11-15,J. Cole,No Role Modelz,Hip-Hop,296,461,playlist
2025-11-16,Daft Punk,Get Lucky,Electronic,443,109,liked
2025-11-16,Dua Lipa,New Rules,Pop,243,1352,radio
2025-11-16,Foo Fighters,Everlong,Rock,397,144,radio
2025-11-16,Drake,Hotline Bling,Hip-Hop,292,188,album
2025-11-17,Steve Lacy,Bad Habit,R&B,220,227,search
2025-11-17,Arctic Monkeys,505,Rock,382,158,playlist
2025-11-17,Led Zeppelin,Kashmir,Rock,218,316,radio
2025-11-17,Taylor Swift,Cruel Summer,Pop,259,606,playlist
2025-11-18,Olivia Rodrigo,drivers license,Pop,188,1160,radio
2025-11-18,Arctic Monkeys,505,Rock,372,96,playlist
2025-11-19,SZA,Good Days,Hip-Hop,161,968,album
2025-11-19,Disclosure,Latch,Electronic,261,348,liked
2025-11-19,Disclosure,Magnets,Electronic,243,141,search
2025-11-19,Foo Fighters,The Pretender,Rock,378,415,search
2025-11-19,ODESZA,A Moment Apart,Electronic,288,383,playlist
2025-11-19,Tyler the Creator,EARFQUAKE,Hip-Hop,238,970,playlist
2025-11-20,Radiohead,No Surprises,Rock,234,287,album
2025-11-20,Harry Styles,Adore You,Pop,222,284,playlist
2025-11-21,Daft Punk,Get Lucky,Electronic,290,218,playlist
2025-11-21,Olivia Rodrigo,good 4 u,Pop,150,938,album
2025-11-21,Drake,Hotline Bling,Hip-Hop,288,1117,playlist
2025-11-21,Hilary Hahn,Sonata No 3,Classical,408,76,playlist
2025-11-21,Jorja Smith,Blue Lights,R&B,309,561,playlist
2025-11-21,Bonobo,No Reason,Electronic,290,339,radio
2025-11-22,Frank Ocean,Pink + White,R&B,276,101,album
2025-11-23,Drake,One Dance,Hip-Hop,196,477,album
2025-11-23,The Rolling Stones,Paint It Black,Rock,348,389,radio
2025-11-24,Arctic Monkeys,Do I Wanna Know,Rock,206,194,radio
2025-11-24,Radiohead,Karma Police,Rock,303,408,playlist
2025-11-24,Radiohead,No Surprises,Rock,383,292,radio
2025-11-24,Steve Lacy,Bad Habit,R&B,253,769,search
2025-11-25,J. Cole,No Role Modelz,Hip-Hop,278,829,search
2025-11-25,Steve Lacy,Mercury,R&B,226,718,search
2025-11-26,J. Cole,No Role Modelz,Hip-Hop,297,655,playlist
2025-11-26,Harry Styles,Watermelon Sugar,Pop,254,1150,playlist
2025-11-26,Dua Lipa,Levitating,Pop,241,522,album
2025-11-27,Jorja Smith,Blue Lights,R&B,238,640,playlist
2025-11-27,Daniel Caesar,Best Part,R&B,244,288,playlist
2025-11-27,Olivia Rodrigo,drivers license,Pop,230,738,playlist
2025-11-27,Daft Punk,Get Lucky,Electronic,471,131,radio
2025-11-28,Taylor Swift,Shake It Off,Pop,165,1991,playlist
2025-11-28,Tyler the Creator,EARFQUAKE,Hip-Hop,279,527,radio
2025-11-28,Taylor Swift,Shake It Off,Pop,164,334,playlist
2025-11-29,Dua Lipa,Levitating,Pop,256,278,search
2025-11-29,Daft Punk,Around the World,Electronic,456,283,playlist
2025-11-29,Arctic Monkeys,R U Mine,Rock,337,203,album
2025-11-29,The Weeknd,Save Your Tears,Pop,244,1899,playlist
2025-11-29,Olivia Rodrigo,vampire,Pop,190,1653,search
2025-11-30,The Rolling Stones,Paint It Black,Rock,339,182,playlist
2025-11-30,J. Cole,No Role Modelz,Hip-Hop,285,1348,liked
2025-11-30,Yuja Wang,Rondo Capriccioso,Classical,639,26,album
2025-11-30,The Weeknd,Blinding Lights,Pop,248,396,search
2025-11-30,HER,Focus,R&B,245,373,radio
2025-12-01,Nubya Garcia,Source,Jazz,284,135,search
2025-12-01,Foo Fighters,The Pretender,Rock,180,98,album
2025-12-02,ODESZA,A Moment Apart,Electronic,261,364,playlist
2025-12-02,Arctic Monkeys,Do I Wanna Know,Rock,385,259,search
2025-12-03,Kamasi Washington,Fists of Fury,Jazz,323,55,search
2025-12-03,Drake,One Dance,Hip-Hop,253,1358,playlist
2025-12-03,Foo Fighters,Learn to Fly,Rock,340,427,radio
2025-12-03,The Beatles,Penny Lane,Rock,180,38835,playlist
2025-12-04,Tyler the Creator,See You Again,Hip-Hop,245,1253,search
2025-12-04,Olivia Rodrigo,good 4 u,Pop,226,351,search
2025-12-04,Radiohead,No Surprises,Rock,378,80,radio
2025-12-04,HER,Damage,R&B,214,268,playlist
2025-12-05,Harry Styles,Adore You,Pop,211,432,search
2025-12-06,SZA,Good Days,Hip-Hop,296,504,playlist
2025-12-08,Arctic Monkeys,Do I Wanna Know,Rock,416,287,album
2025-12-08,Dua Lipa,New Rules,Pop,199,1948,search
2025-12-08,The Weeknd,Starboy,Pop,175,944,search
2025-12-09,The Rolling Stones,Gimme Shelter,Rock,239,150,playlist
2025-12-09,Olivia Rodrigo,vampire,Pop,208,1730,search
2025-12-10,Olivia Rodrigo,drivers license,Pop,229,1560,playlist
2025-12-10,Harry Styles,As It Was,Pop,221,1921,playlist
2025-12-10,The Rolling Stones,Paint It Black,Rock,264,451,search
2025-12-10,Daft Punk,Around the World,Electronic,289,377,playlist
2025-12-11,Daft Punk,Get Lucky,Electronic,444,266,album
2025-12-11,Olivia Rodrigo,vampire,Pop,179,960,search
2025-12-11,Foo Fighters,Learn to Fly,Rock,365,237,album
2025-12-12,Led Zeppelin,Whole Lotta Love,Rock,202,80,liked
2025-12-13,Drake,Gods Plan,Hip-Hop,290,1347,liked
2025-12-14,Frank Ocean,Nights,R&B,273,168,search
2025-12-14,Daniel Caesar,Get You,R&B,212,160,radio
2025-12-14,Harry Styles,Adore You,Pop,159,1476,radio
2025-12-15,Alfa Mist,Run Outs,Jazz,462,107,playlist
2025-12-15,Frank Ocean,Thinkin Bout You,R&B,301,261,search
2025-12-15,Harry Styles,Watermelon Sugar,Pop,169,310,playlist
2025-12-16,Max Richter,On the Nature of Daylight,Classical,421,93,playlist
2025-12-16,Taylor Swift,Shake It Off,Pop,246,1806,search
2025-12-17,SZA,Kill Bill,Hip-Hop,266,272,search
2025-12-17,Phoebe Bridgers,Kyoto,Indie,285,299,search
2025-12-17,Tyler the Creator,See You Again,Hip-Hop,204,586,playlist
2025-12-18,J. Cole,Middle Child,Hip-Hop,254,556,playlist
2025-12-19,Bonobo,Bambro Koyo Ganda,Electronic,306,371,search
2025-12-20,boy pablo,Everytime,Indie,217,239,search
2025-12-20,Dua Lipa,Dont Start Now,Pop,162,1175,search
2025-12-20,Radiohead,Karma Police,Rock,313,318,album
2025-12-20,Hilary Hahn,Sonata No 3,Classical,369,11,playlist
2025-12-21,Clairo,Pretty Girl,Indie,355,73,album
2025-12-21,Frank Ocean,Nights,R&B,280,568,album
2025-12-22,SZA,Kiss Me More,Hip-Hop,240,225,playlist
2025-12-22,Daft Punk,Around the World,Electronic,386,347,album
2025-12-22,HER,Focus,R&B,233,582,radio
2025-12-22,Daft Punk,Around the World,Electronic,374,358,playlist
2025-12-22,Kendrick Lamar,Money Trees,Hip-Hop,210,495,playlist
2025-12-23,Clairo,Bags,Indie,347,129,playlist
2025-12-23,Taylor Swift,Shake It Off,Pop,181,1717,playlist
2025-12-23,Taylor Swift,Shake It Off,Pop,154,1957,playlist
2025-12-23,Steve Lacy,Dark Red,R&B,183,346,radio
2025-12-24,The Weeknd,Blinding Lights,Pop,222,1640,search
2025-12-24,J. Cole,PRIDE is the Devil,Hip-Hop,185,1186,playlist
2025-12-24,Led Zeppelin,Kashmir,Rock,281,366,radio
2025-12-24,SZA,Good Days,Hip-Hop,279,1469,search
2025-12-25,Olivia Rodrigo,drivers license,Pop,154,486,playlist
2025-12-25,Bonobo,No Reason,Electronic,291,174,radio
2025-12-25,The Rolling Stones,Paint It Black,Rock,284,321,playlist
2025-12-26,boy pablo,Everytime,Indie,201,314,playlist
2025-12-26,Radiohead,No Surprises,Rock,407,190,playlist
2025-12-26,J. Cole,PRIDE is the Devil,Hip-Hop,211,1283,playlist
2025-12-26,Dua Lipa,Dont Start Now,Pop,214,922,radio
2025-12-27,Kamasi Washington,Hub-Tones,Jazz,353,95,playlist
2025-12-27,Frank Ocean,Thinkin Bout You,R&B,317,204,playlist
2025-12-27,Led Zeppelin,Kashmir,Rock,237,119,search
2025-12-27,Drake,One Dance,Hip-Hop,239,1063,playlist
2025-12-28,J. Cole,PRIDE is the Devil,Hip-Hop,207,1153,search
2025-12-28,The Beatles,Help!,Rock,139,40614,radio
2025-12-29,SZA,Kiss Me More,Hip-Hop,253,1220,search
2025-12-29,Lang Lang,Hungarian Rhapsody No 2,Classical,787,38,album
2025-12-29,Dua Lipa,Levitating,Pop,214,1266,playlist
2025-12-30,Radiohead,Karma Police,Rock,362,233,radio
2025-12-30,The Weeknd,Starboy,Pop,175,1932,radio
2025-12-30,Tyler the Creator,NEW MAGIC WAND,Hip-Hop,209,1314,album
2025-12-30,ODESZA,Say My Name,Electronic,295,238,search
2025-12-30,Drake,Gods Plan,Hip-Hop,293,1015,playlist
2025-12-31,The Weeknd,Save Your Tears,Pop,227,803,search
2025-12-31,Frank Ocean,Pink + White,R&B,279,266,radio
2025-12-31,Olivia Rodrigo,good 4 u,Pop,172,1316,search
